slide_name,slide_width,slide_height,slide_mag,slide_pw
DHMC_0030,43824,32383,19.84914648670107,508
DHMC_0113,85655,35306,19.888623707239457,509
DHMC_0107,49800,39563,19.888623707239457,509
DHMC_0075,35855,25173,19.888623707239457,509
DHMC_0085,35855,20512,19.888623707239457,509
DHMC_0082,49800,33022,19.888623707239457,509
DHMC_0061,55776,38376,19.888623707239457,509
DHMC_0100,27888,22630,19.84914648670107,508
DHMC_0044,45816,40605,19.84914648670107,508
DHMC_0076,51791,32189,19.888623707239457,509
DHMC_0087,47807,35736,19.888623707239457,509
DHMC_0109,49800,31469,19.888623707239457,509
DHMC_0066,83664,71769,39.5882818685669,1013
DHMC_0137,33864,30588,19.888623707239457,509
DHMC_0083,35855,30821,19.888623707239457,509
DHMC_0104,47808,23920,19.84914648670107,508
DHMC_0026,45815,24857,19.888623707239457,509
DHMC_0058,35856,35123,19.84914648670107,508
DHMC_0111,35855,33286,19.888623707239457,509
DHMC_0008,27888,30609,19.84914648670107,508
DHMC_0089,37848,42700,19.84914648670107,508
DHMC_0121,41831,23507,19.888623707239457,509
DHMC_0009,43824,25532,19.84914648670107,508
DHMC_0132,55776,42145,19.888623707239457,509
DHMC_0062,41831,42080,19.888623707239457,509
DHMC_0119,47807,43178,19.888623707239457,509
DHMC_0001,39839,30468,19.888623707239457,509
DHMC_0053,57768,28837,19.84914648670107,508
DHMC_0027,47807,23298,19.888623707239457,509
DHMC_0073,45815,30588,19.888623707239457,509
DHMC_0099,51792,36897,19.84914648670107,508
DHMC_0125,35855,25841,19.888623707239457,509
DHMC_0047,51792,37461,19.84914648670107,508
DHMC_0128,33864,33459,19.888623707239457,509
DHMC_0068,49800,33834,19.84914648670107,508
DHMC_0015,37848,37927,19.888623707239457,509
DHMC_0088,51792,34963,19.84914648670107,508
DHMC_0020,71712,73911,39.63535473642489,1014
DHMC_0096,41832,30046,19.84914648670107,508
DHMC_0055,43824,30691,19.84914648670107,508
DHMC_0120,47807,34420,19.888623707239457,509
DHMC_0135,51791,45119,19.888623707239457,509
DHMC_0126,29879,28741,19.888623707239457,509
DHMC_0065,43824,34613,19.888623707239457,509
DHMC_0106,39840,31416,19.84914648670107,508
DHMC_0034,45815,32142,19.888623707239457,509
DHMC_0056,47807,32947,19.888623707239457,509
DHMC_0052,51792,36736,19.84914648670107,508
DHMC_0031,41831,33724,19.888623707239457,509
DHMC_0101,47808,40524,19.84914648670107,508
DHMC_0018,31871,24059,19.888623707239457,509
DHMC_0041,45815,37055,19.888623707239457,509
DHMC_0080,49800,35608,19.84914648670107,508
DHMC_0098,47808,25935,19.84914648670107,508
DHMC_0035,45815,30351,19.888623707239457,509
DHMC_0042,45815,35496,19.888623707239457,509
DHMC_0117,53783,34468,19.888623707239457,509
DHMC_0024,77688,69474,39.63535473642489,1014
DHMC_0081,43824,29562,19.84914648670107,508
DHMC_0010,43824,32222,19.84914648670107,508
DHMC_0142,31871,34206,19.888623707239457,509
DHMC_0049,57768,30369,19.84914648670107,508
DHMC_0130,59759,40228,19.888623707239457,509
DHMC_0140,45815,35914,19.888623707239457,509
DHMC_0114,39839,37020,19.888623707239457,509
DHMC_0090,113544,83989,39.5882818685669,1013
DHMC_0040,51792,23276,19.84914648670107,508
DHMC_0139,49800,37115,19.888623707239457,509
DHMC_0127,49800,36293,19.888623707239457,509
DHMC_0003,45816,26741,19.84914648670107,508
DHMC_0108,41831,39862,19.888623707239457,509
DHMC_0023,81672,57537,39.63535473642489,1014
DHMC_0029,55776,33351,19.84914648670107,508
DHMC_0060,43824,33957,19.888623707239457,509
DHMC_0033,43824,31667,19.888623707239457,509
DHMC_0094,47807,39820,19.888623707239457,509
DHMC_0095,53783,27841,19.888623707239457,509
DHMC_0112,29879,22194,19.888623707239457,509
DHMC_0059,49800,32199,19.888623707239457,509
DHMC_0037,55800,42272,19.904458598726116,509
DHMC_0013,41832,32786,19.84914648670107,508
DHMC_0014,43824,31590,19.888623707239457,509
DHMC_0116,35855,27314,19.888623707239457,509
DHMC_0048,53783,40686,19.84914648670107,508
DHMC_0091,79679,52009,39.63535473642489,1014
DHMC_0102,61752,32303,19.84914648670107,508
DHMC_0084,29879,28574,19.888623707239457,509
DHMC_0103,49800,37524,19.888623707239457,509
DHMC_0022,127488,94064,39.63535473642489,1014
DHMC_0129,33864,40823,19.888623707239457,509
DHMC_0051,57768,41089,19.84914648670107,508
DHMC_0025,163344,75716,39.63535473642489,1014
DHMC_0063,72000,28184,19.904458598726116,509
DHMC_0072,49800,39975,19.888623707239457,509
DHMC_0123,35855,42618,19.888623707239457,509
DHMC_0064,49800,41203,19.888623707239457,509
DHMC_0005,31872,33269,19.84914648670107,508
DHMC_0070,43824,39611,19.888623707239457,509
DHMC_0007,47808,22631,19.84914648670107,508
DHMC_0124,39839,33015,19.888623707239457,509
DHMC_0115,55776,35753,19.888623707239457,509
DHMC_0086,37848,30567,19.888623707239457,509
DHMC_0069,47807,36877,19.888623707239457,509
DHMC_0019,117528,79792,39.63535473642489,1014
DHMC_0074,45815,34690,19.888623707239457,509
DHMC_0028,41832,33512,19.84914648670107,508
DHMC_0071,43824,32085,19.888623707239457,509
DHMC_0002,49800,25855,19.84914648670107,508
DHMC_0012,31872,27305,19.84914648670107,508
DHMC_0078,41831,31363,19.888623707239457,509
DHMC_0036,35855,37371,19.888623707239457,509
DHMC_0143,43824,34048,19.888623707239457,509
DHMC_0133,23903,21985,19.888623707239457,509
DHMC_0032,41831,35035,19.888623707239457,509
DHMC_0138,37848,37116,19.888623707239457,509
DHMC_0054,53783,35285,19.84914648670107,508
DHMC_0038,41400,38514,19.904458598726116,509
DHMC_0092,93624,81260,39.63535473642489,1014
DHMC_0045,49800,36736,19.84914648670107,508
DHMC_0046,47808,39315,19.84914648670107,508
DHMC_0006,100800,80727,39.69829297340214,1016
DHMC_0077,49800,34493,19.888623707239457,509
DHMC_0110,49800,31712,19.888623707239457,509
DHMC_0011,59760,33029,19.84914648670107,508
DHMC_0016,49800,37381,19.84914648670107,508
DHMC_0021,71712,77499,39.63535473642489,1014
DHMC_0067,41832,34962,19.84914648670107,508
DHMC_0105,35856,29643,19.84914648670107,508
DHMC_0017,41832,34721,19.84914648670107,508
DHMC_0057,47807,36067,19.888623707239457,509
DHMC_0136,45815,32315,19.888623707239457,509
DHMC_0134,57767,42534,19.888623707239457,509
DHMC_0097,55776,39235,19.84914648670107,508
DHMC_0141,53783,41745,19.888623707239457,509
DHMC_0118,47807,30334,19.888623707239457,509
DHMC_0122,33864,34040,19.888623707239457,509
DHMC_0131,49800,29671,19.888623707239457,509
DHMC_0039,47808,30127,19.84914648670107,508
DHMC_0079,53783,36978,19.84914648670107,508
DHMC_0043,53783,24485,19.84914648670107,508
DHMC_0050,45816,21502,19.84914648670107,508
DHMC_0093,91632,69039,39.63535473642489,1014
DHMC_0004,45816,26097,19.84914648670107,508
